[planner-bias-sweep] character=Ironclad episodes=60 trials=4 biases=0,-3
[arm-start] cost_bias=0 (planner-bias-sweep arm)
  [cell] InkletsNormal                    bucket=Monster wins=4/4 (100%) outcomes=W/W/W/W avg_reward=+30.3
  [cell-deck] InkletsNormal Monster STRIKE_IRONCLAD,STRIKE_IRONCLAD,DEFEND_IRONCLAD,DEFEND_IRONCLAD,BASH,ANGER,VICIOUS,BREAKTHROUGH,SHRUG_IT_OFF,TWIN_STRIKE,BLOODLETTING,INFLAME,MOLTEN_FIST,SETUP_STRIKE,HEADBUTT,STRIKE_IRONCLAD,PRIMAL_FORCE,PILLAGE,NOT_YET,PACTS_END,RAGE,HEMOKINESIS,BODY_SLAM,EXPECT_A_FIGHT
  [cell] TwoTailedRatsNormal              bucket=Monster wins=4/4 (100%) outcomes=W/W/W/W avg_reward=+43.8
  [cell-deck] TwoTailedRatsNormal Monster STRIKE_IRONCLAD,STRIKE_IRONCLAD,DEFEND_IRONCLAD,DEFEND_IRONCLAD,DEFEND_IRONCLAD,DEFEND_IRONCLAD,STOMP,INFERNO,TEAR_ASUNDER,STRIKE_IRONCLAD,ANGER,BRAND,HEADBUTT,WHIRLWIND,THUNDERCLAP,BLOOD_WALL,ARMAMENTS,BREAKTHROUGH,PILLAGE,CINDER,HEADBUTT,EXPECT_A_FIGHT,INFERNO,BLOODLETTING,BARRICADE,SETUP_STRIKE
  [cell] ToadpolesWeak                    bucket=Monster wins=4/4 (100%) outcomes=W/W/W/W avg_reward=+42.8
  [cell-deck] ToadpolesWeak Monster STRIKE_IRONCLAD,STRIKE_IRONCLAD,STRIKE_IRONCLAD,DEFEND_IRONCLAD,DEFEND_IRONCLAD,AGGRESSION,SHRUG_IT_OFF,HEADBUTT,DEFEND_IRONCLAD,FIGHT_ME,SPITE,HOWL_FROM_BEYOND,BREAKTHROUGH,HOWL_FROM_BEYOND,PERFECTED_STRIKE,MOLTEN_FIST,PERFECTED_STRIKE,TAUNT,DOMINATE,BLOOD_WALL,DRUM_OF_BATTLE,STAMPEDE,UNRELENTING,BASH,BULLY
  [cell] CorpseSlugsNormal                bucket=Monster wins=4/4 (100%) outcomes=W/W/W/W avg_reward=+63.5
  [cell-deck] CorpseSlugsNormal Monster STRIKE_IRONCLAD,STRIKE_IRONCLAD,STRIKE_IRONCLAD,DEFEND_IRONCLAD,DEFEND_IRONCLAD,BASH,TREMBLE,INFERNO,PERFECTED_STRIKE,BASH,IRON_WAVE,PERFECTED_STRIKE,BASH,UNMOVABLE,HOWL_FROM_BEYOND,TAUNT,BULLY,TWIN_STRIKE,MOLTEN_FIST,HEMOKINESIS,BREAKTHROUGH,THRASH,BRAND,HAVOC,THRASH,HAVOC,DRUM_OF_BATTLE
  [cell] CorpseSlugsWeak                  bucket=Monster wins=4/4 (100%) outcomes=W/W/W/W avg_reward=+29.8
  [cell-deck] CorpseSlugsWeak Monster STRIKE_IRONCLAD,STRIKE_IRONCLAD,STRIKE_IRONCLAD,DEFEND_IRONCLAD,DEFEND_IRONCLAD,WHIRLWIND,INFERNAL_BLADE,SETUP_STRIKE,STRIKE_IRONCLAD,SWORD_BOOMERANG,FIEND_FIRE,HAVOC,STOKE,CINDER,STOKE,DOMINATE,JUGGLING,BASH,ASHEN_STRIKE,PERFECTED_STRIKE,AGGRESSION,BASH,STAMPEDE,STOMP,HOWL_FROM_BEYOND
  [cell] ExoskeletonsNormal               bucket=Monster wins=1/4 ( 25%) outcomes=L/W/L/L avg_reward=+21.0
  [cell-deck] ExoskeletonsNormal Monster STRIKE_IRONCLAD,DEFEND_IRONCLAD,DEFEND_IRONCLAD,DEFEND_IRONCLAD,DEFEND_IRONCLAD,BASH,WHIRLWIND,INFERNAL_BLADE,FEED,EVIL_EYE,BASH,ASHEN_STRIKE,RUPTURE,TRUE_GRIT,BASH,PACTS_END,EXPECT_A_FIGHT,SECOND_WIND,IRON_WAVE,RUPTURE,TRUE_GRIT,FEEL_NO_PAIN,SWORD_BOOMERANG,SETUP_STRIKE,PYRE,BLUDGEON,PERFECTED_STRIKE
  [cell] ExoskeletonsWeak                 bucket=Monster wins=4/4 (100%) outcomes=W/W/W/W avg_reward=+49.8
  [cell-deck] ExoskeletonsWeak Monster STRIKE_IRONCLAD,STRIKE_IRONCLAD,STRIKE_IRONCLAD,STRIKE_IRONCLAD,BASH,WHIRLWIND,COLOSSUS,UPPERCUT,DOMINATE,CRUELTY,ANGER,FIGHT_ME,FEEL_NO_PAIN,VICIOUS,TWIN_STRIKE,BATTLE_TRANCE,INFERNAL_BLADE,DEMONIC_SHIELD,STONE_ARMOR,BLOODLETTING,PRIMAL_FORCE,FEEL_NO_PAIN,MOLTEN_FIST,INFERNO,SPITE
  [cell] ScrollsOfBitingNormal            bucket=Monster wins=4/4 (100%) outcomes=W/W/W/W avg_reward=+92.8
  [cell-deck] ScrollsOfBitingNormal Monster STRIKE_IRONCLAD,STRIKE_IRONCLAD,STRIKE_IRONCLAD,DEFEND_IRONCLAD,DEFEND_IRONCLAD,DEFEND_IRONCLAD,BLOOD_WALL,INFERNAL_BLADE,BLOODLETTING,PERFECTED_STRIKE,OFFERING,IMPERVIOUS,DISMANTLE,THUNDERCLAP,RAGE,EXPECT_A_FIGHT,INFLAME,HEMOKINESIS,HEMOKINESIS,TRUE_GRIT,PRIMAL_FORCE,THUNDERCLAP,INFERNAL_BLADE,ANGER,HEMOKINESIS
  [cell] ScrollsOfBitingWeak              bucket=Monster wins=2/4 ( 50%) outcomes=L/L/W/W avg_reward=+14.8
  [cell-deck] ScrollsOfBitingWeak Monster STRIKE_IRONCLAD,STRIKE_IRONCLAD,DEFEND_IRONCLAD,DEFEND_IRONCLAD,DEFEND_IRONCLAD,WHIRLWIND,WHIRLWIND,CINDER,TAUNT,SECOND_WIND,PILLAGE,EXPECT_A_FIGHT,UPPERCUT,SETUP_STRIKE,BLOOD_WALL,TAUNT,HEADBUTT,IRON_WAVE,IRON_WAVE,POMMEL_STRIKE,DOMINATE,RAGE,FEEL_NO_PAIN,BURNING_PACT,ARMAMENTS
  [cell] SludgeSpinnerWeak                bucket=Monster wins=4/4 (100%) outcomes=W/W/W/W avg_reward=+29.3
  [cell-deck] SludgeSpinnerWeak Monster STRIKE_IRONCLAD,STRIKE_IRONCLAD,STRIKE_IRONCLAD,DEFEND_IRONCLAD,DEFEND_IRONCLAD,BASH,BULLY,INFERNAL_BLADE,THUNDERCLAP,THUNDERCLAP,BLOODLETTING,TRUE_GRIT,TWIN_STRIKE,SWORD_BOOMERANG,DEFEND_IRONCLAD,BLOOD_WALL,RAGE,CINDER,HAVOC,BLUDGEON,FIGHT_ME,FIGHT_ME,BODY_SLAM,DOMINATE,DEFEND_IRONCLAD,MOLTEN_FIST
  [cell] ShrinkerBeetleWeak               bucket=Monster wins=4/4 (100%) outcomes=W/W/W/W avg_reward=+39.0
  [cell-deck] ShrinkerBeetleWeak Monster STRIKE_IRONCLAD,STRIKE_IRONCLAD,STRIKE_IRONCLAD,STRIKE_IRONCLAD,DEFEND_IRONCLAD,WHIRLWIND,SHRUG_IT_OFF,INFERNAL_BLADE,FIEND_FIRE,BLUDGEON,CONFLAGRATION,DISMANTLE,MOLTEN_FIST,HOWL_FROM_BEYOND,CONFLAGRATION,PERFECTED_STRIKE,FIGHT_ME,SPITE,CRIMSON_MANTLE,BLUDGEON,VICIOUS,UPPERCUT,BREAKTHROUGH,TRUE_GRIT,DOMINATE,SETUP_STRIKE
  [cell] AxebotsNormal                    bucket=Monster wins=0/4 (  0%) outcomes=L/L/L/L avg_reward=+53.3
  [cell-deck] AxebotsNormal Monster STRIKE_IRONCLAD,STRIKE_IRONCLAD,STRIKE_IRONCLAD,DEFEND_IRONCLAD,DEFEND_IRONCLAD,BASH,DEMONIC_SHIELD,IMPERVIOUS,PERFECTED_STRIKE,BLOODLETTING,POMMEL_STRIKE,FEED,MOLTEN_FIST,STONE_ARMOR,THUNDERCLAP,TAUNT,SWORD_BOOMERANG,VICIOUS,EXPECT_A_FIGHT,FEEL_NO_PAIN,BLOODLETTING,TREMBLE,STRIKE_IRONCLAD,PERFECTED_STRIKE,BASH,DEFEND_IRONCLAD,HELLRAISER
  [cell] NibbitsNormal                    bucket=Monster wins=4/4 (100%) outcomes=W/W/W/W avg_reward=+70.8
  [cell-deck] NibbitsNormal Monster STRIKE_IRONCLAD,STRIKE_IRONCLAD,STRIKE_IRONCLAD,DEFEND_IRONCLAD,DEFEND_IRONCLAD,VICIOUS,INFERNO,SPITE,TRUE_GRIT,MOLTEN_FIST,THUNDERCLAP,DARK_EMBRACE,BREAKTHROUGH,CINDER,FORGOTTEN_RITUAL,FEED,DRUM_OF_BATTLE,VICIOUS,WHIRLWIND,POMMEL_STRIKE,POMMEL_STRIKE,DEFEND_IRONCLAD,VICIOUS,POMMEL_STRIKE,PACTS_END,IMPERVIOUS
  [cell] NibbitsWeak                      bucket=Monster wins=4/4 (100%) outcomes=W/W/W/W avg_reward=+36.0
  [cell-deck] NibbitsWeak Monster STRIKE_IRONCLAD,STRIKE_IRONCLAD,STRIKE_IRONCLAD,STRIKE_IRONCLAD,DEFEND_IRONCLAD,BASH,FORGOTTEN_RITUAL,IMPERVIOUS,FEEL_NO_PAIN,FIGHT_ME,BREAKTHROUGH,STRIKE_IRONCLAD,BULLY,SHRUG_IT_OFF,HOWL_FROM_BEYOND,PERFECTED_STRIKE,WHIRLWIND,SHRUG_IT_OFF,DEMONIC_SHIELD,ONE_TWO_PUNCH,TEAR_ASUNDER,FORGOTTEN_RITUAL,HOWL_FROM_BEYOND,TRUE_GRIT,THUNDERCLAP,WHIRLWIND,SHRUG_IT_OFF
  [cell] SeapunkWeak                      bucket=Monster wins=4/4 (100%) outcomes=W/W/W/W avg_reward=+37.5
  [cell-deck] SeapunkWeak Monster DEFEND_IRONCLAD,DEFEND_IRONCLAD,DEFEND_IRONCLAD,DEFEND_IRONCLAD,BASH,VICIOUS,CONFLAGRATION,ANGER,HEADBUTT,ANGER,INFERNO,CINDER,STOKE,VICIOUS,MOLTEN_FIST,BLOODLETTING,DEFEND_IRONCLAD,BURNING_PACT,SETUP_STRIKE,BODY_SLAM,DEMONIC_SHIELD,MOLTEN_FIST,STOMP,EXPECT_A_FIGHT,THUNDERCLAP,COLOSSUS
  [cell] FossilStalkerNormal              bucket=Monster wins=4/4 (100%) outcomes=W/W/W/W avg_reward=+26.8
  [cell-deck] FossilStalkerNormal Monster STRIKE_IRONCLAD,STRIKE_IRONCLAD,DEFEND_IRONCLAD,DEFEND_IRONCLAD,BASH,IRON_WAVE,BATTLE_TRANCE,HEADBUTT,DEFEND_IRONCLAD,CINDER,STRIKE_IRONCLAD,EXPECT_A_FIGHT,HOWL_FROM_BEYOND,EVIL_EYE,PACTS_END,EVIL_EYE,BLOODLETTING,BURNING_PACT,TANK,STAMPEDE,JUGGLING,FORGOTTEN_RITUAL,SWORD_BOOMERANG,DEFEND_IRONCLAD,IRON_WAVE,HEADBUTT
  [cell] PunchConstructNormal             bucket=Monster wins=4/4 (100%) outcomes=W/W/W/W avg_reward=+46.5
  [cell-deck] PunchConstructNormal Monster STRIKE_IRONCLAD,STRIKE_IRONCLAD,STRIKE_IRONCLAD,STRIKE_IRONCLAD,DEFEND_IRONCLAD,DEFEND_IRONCLAD,FLAME_BARRIER,ARMAMENTS,UNRELENTING,BATTLE_TRANCE,IRON_WAVE,HEADBUTT,BLOODLETTING,SWORD_BOOMERANG,STOKE,SETUP_STRIKE,BREAKTHROUGH,SETUP_STRIKE,BATTLE_TRANCE,SWORD_BOOMERANG,SETUP_STRIKE,IRON_WAVE,FIEND_FIRE,BARRICADE,SETUP_STRIKE,POMMEL_STRIKE
  [cell] SewerClamNormal                  bucket=Monster wins=4/4 (100%) outcomes=W/W/W/W avg_reward=+45.5
  [cell-deck] SewerClamNormal Monster STRIKE_IRONCLAD,STRIKE_IRONCLAD,DEFEND_IRONCLAD,DEFEND_IRONCLAD,DEFEND_IRONCLAD,IRON_WAVE,SWORD_BOOMERANG,SETUP_STRIKE,STRIKE_IRONCLAD,PRIMAL_FORCE,HEADBUTT,DISMANTLE,BASH,BATTLE_TRANCE,SPITE,BLOOD_WALL,BASH,HEADBUTT,MOLTEN_FIST,DEFEND_IRONCLAD,BURNING_PACT,SECOND_WIND,PILLAGE,ANGER,STRIKE_IRONCLAD,BURNING_PACT
  [cell] FuzzyWurmCrawlerWeak             bucket=Monster wins=4/4 (100%) outcomes=W/W/W/W avg_reward=+48.8
  [cell-deck] FuzzyWurmCrawlerWeak Monster STRIKE_IRONCLAD,STRIKE_IRONCLAD,STRIKE_IRONCLAD,STRIKE_IRONCLAD,DEFEND_IRONCLAD,BASH,INFERNO,ARMAMENTS,SETUP_STRIKE,EVIL_EYE,BASH,THUNDERCLAP,SPITE,STONE_ARMOR,FEEL_NO_PAIN,HEMOKINESIS,EVIL_EYE,IMPERVIOUS,ARMAMENTS,ASHEN_STRIKE,HEADBUTT,ARMAMENTS,ARMAMENTS,EXPECT_A_FIGHT,IRON_WAVE,FEED
  [cell] VineShamblerNormal               bucket=Monster wins=4/4 (100%) outcomes=W/W/W/W avg_reward=+38.5
  [cell-deck] VineShamblerNormal Monster STRIKE_IRONCLAD,STRIKE_IRONCLAD,STRIKE_IRONCLAD,DEFEND_IRONCLAD,DEFEND_IRONCLAD,IRON_WAVE,OFFERING,VICIOUS,DOMINATE,BLOOD_WALL,BASH,DEFEND_IRONCLAD,RAGE,TANK,TRUE_GRIT,THRASH,ANGER,PRIMAL_FORCE,DISMANTLE,STONE_ARMOR,THUNDERCLAP,ANGER,HAVOC,SETUP_STRIKE
  [cell] HauntedShipNormal                bucket=Monster wins=4/4 (100%) outcomes=W/W/W/W avg_reward=+54.8
  [cell-deck] HauntedShipNormal Monster STRIKE_IRONCLAD,STRIKE_IRONCLAD,STRIKE_IRONCLAD,DEFEND_IRONCLAD,DEFEND_IRONCLAD,DEFEND_IRONCLAD,PERFECTED_STRIKE,ARMAMENTS,HEMOKINESIS,PERFECTED_STRIKE,OFFERING,DISMANTLE,FIEND_FIRE,SPITE,UPPERCUT,CASCADE,INFERNO,COLOSSUS,VICIOUS,DEFEND_IRONCLAD,BREAKTHROUGH,JUGGERNAUT,SECOND_WIND,PRIMAL_FORCE,DRUM_OF_BATTLE,BASH,CINDER
  [cell] ChompersNormal                   bucket=Monster wins=4/4 (100%) outcomes=W/W/W/W avg_reward=+72.3
  [cell-deck] ChompersNormal Monster STRIKE_IRONCLAD,STRIKE_IRONCLAD,STRIKE_IRONCLAD,DEFEND_IRONCLAD,DEFEND_IRONCLAD,IRON_WAVE,EVIL_EYE,COLOSSUS,TAUNT,IRON_WAVE,RUPTURE,CINDER,DEFEND_IRONCLAD,ONE_TWO_PUNCH,BASH,PILLAGE,UNRELENTING,THUNDERCLAP,ASHEN_STRIKE,DEMON_FORM,IRON_WAVE,DISMANTLE,CINDER,HAVOC
  [cell] CubexConstructNormal             bucket=Monster wins=4/4 (100%) outcomes=W/W/W/W avg_reward=+58.8
  [cell-deck] CubexConstructNormal Monster STRIKE_IRONCLAD,STRIKE_IRONCLAD,DEFEND_IRONCLAD,DEFEND_IRONCLAD,DEFEND_IRONCLAD,BASH,SETUP_STRIKE,ANGER,CINDER,THUNDERCLAP,BLOODLETTING,SPITE,ANGER,SETUP_STRIKE,MOLTEN_FIST,UPPERCUT,PRIMAL_FORCE,ANGER,TWIN_STRIKE,INFERNO,TRUE_GRIT,ASHEN_STRIKE,FEED,UNRELENTING,BLUDGEON
  [cell] MytesNormal                      bucket=Monster wins=4/4 (100%) outcomes=W/W/W/W avg_reward=+101.0
  [cell-deck] MytesNormal Monster STRIKE_IRONCLAD,DEFEND_IRONCLAD,DEFEND_IRONCLAD,DEFEND_IRONCLAD,BASH,IRON_WAVE,BLOOD_WALL,INFERNO,FIEND_FIRE,UPPERCUT,DISMANTLE,BULLY,THUNDERCLAP,EVIL_EYE,CINDER,FIGHT_ME,TREMBLE,BLOOD_WALL,STOMP,STRIKE_IRONCLAD,BULLY,PERFECTED_STRIKE,ARMAMENTS,BODY_SLAM
  [cell] MawlerNormal                     bucket=Monster wins=4/4 (100%) outcomes=W/W/W/W avg_reward=+58.5
  [cell-deck] MawlerNormal Monster STRIKE_IRONCLAD,STRIKE_IRONCLAD,STRIKE_IRONCLAD,DEFEND_IRONCLAD,DEFEND_IRONCLAD,BASH,STRIKE_IRONCLAD,ANGER,UPPERCUT,BLUDGEON,POMMEL_STRIKE,BULLY,PILLAGE,RAGE,BREAKTHROUGH,SETUP_STRIKE,STRIKE_IRONCLAD,STAMPEDE,THUNDERCLAP,SETUP_STRIKE,POMMEL_STRIKE,MANGLE,ARMAMENTS,CRUELTY,TWIN_STRIKE,INFERNO
  [cell] ThievingHopperWeak               bucket=Monster wins=4/4 (100%) outcomes=W/W/W/W avg_reward=+58.3
  [cell-deck] ThievingHopperWeak Monster STRIKE_IRONCLAD,STRIKE_IRONCLAD,STRIKE_IRONCLAD,DEFEND_IRONCLAD,BASH,INFLAME,TAUNT,STAMPEDE,TREMBLE,HAVOC,TWIN_STRIKE,BODY_SLAM,HOWL_FROM_BEYOND,BLOOD_WALL,FLAME_BARRIER,BODY_SLAM,TAUNT,DRUM_OF_BATTLE,INFLAME,DISMANTLE,TEAR_ASUNDER,TRUE_GRIT,TANK,TEAR_ASUNDER,TWIN_STRIKE
  [cell] FogmogNormal                     bucket=Monster wins=4/4 (100%) outcomes=W/W/W/W avg_reward=+80.3
  [cell-deck] FogmogNormal Monster STRIKE_IRONCLAD,STRIKE_IRONCLAD,DEFEND_IRONCLAD,DEFEND_IRONCLAD,DEFEND_IRONCLAD,ANGER,SETUP_STRIKE,FLAME_BARRIER,BRAND,PILLAGE,CONFLAGRATION,POMMEL_STRIKE,STOKE,HOWL_FROM_BEYOND,VICIOUS,IRON_WAVE,SWORD_BOOMERANG,TWIN_STRIKE,FIGHT_ME,BASH,RUPTURE,MOLTEN_FIST,SHRUG_IT_OFF,CASCADE,BASH,POMMEL_STRIKE
  [cell] GremlinMercNormal                bucket=Monster wins=4/4 (100%) outcomes=W/W/W/W avg_reward=+54.3
  [cell-deck] GremlinMercNormal Monster STRIKE_IRONCLAD,STRIKE_IRONCLAD,STRIKE_IRONCLAD,DEFEND_IRONCLAD,DEFEND_IRONCLAD,DEFEND_IRONCLAD,HOWL_FROM_BEYOND,INFLAME,PACTS_END,ARMAMENTS,HAVOC,TAUNT,MOLTEN_FIST,BLOODLETTING,BASH,TAUNT,MANGLE,TREMBLE,STONE_ARMOR,MOLTEN_FIST,COLOSSUS,SWORD_BOOMERANG,IRON_WAVE,BURNING_PACT,POMMEL_STRIKE,MOLTEN_FIST,CASCADE
  [cell] SnappingJaxfruitNormal           bucket=Monster wins=4/4 (100%) outcomes=W/W/W/W avg_reward=+50.8
  [cell-deck] SnappingJaxfruitNormal Monster STRIKE_IRONCLAD,STRIKE_IRONCLAD,STRIKE_IRONCLAD,STRIKE_IRONCLAD,DEFEND_IRONCLAD,ANGER,HOWL_FROM_BEYOND,PRIMAL_FORCE,RUPTURE,BASH,THUNDERCLAP,ONE_TWO_PUNCH,FEEL_NO_PAIN,CINDER,BLUDGEON,DEFEND_IRONCLAD,STAMPEDE,BREAKTHROUGH,BLOODLETTING,MOLTEN_FIST,EVIL_EYE,THRASH,JUGGLING,TWIN_STRIKE
  [cell] LivingFogNormal                  bucket=Monster wins=4/4 (100%) outcomes=W/W/W/W avg_reward=+86.8
  [cell-deck] LivingFogNormal Monster STRIKE_IRONCLAD,STRIKE_IRONCLAD,STRIKE_IRONCLAD,STRIKE_IRONCLAD,DEFEND_IRONCLAD,DEFEND_IRONCLAD,MOLTEN_FIST,INFLAME,EXPECT_A_FIGHT,DEFEND_IRONCLAD,UNRELENTING,DEFEND_IRONCLAD,BREAKTHROUGH,BASH,RAGE,PACTS_END,SETUP_STRIKE,PYRE,SHRUG_IT_OFF,STONE_ARMOR,VICIOUS,DRUM_OF_BATTLE,BREAKTHROUGH,INFLAME,HEADBUTT,DEFEND_IRONCLAD,INFERNAL_BLADE
  [cell] SeapunkNormal                    bucket=Monster wins=4/4 (100%) outcomes=W/W/W/W avg_reward=+62.5
  [cell-deck] SeapunkNormal Monster STRIKE_IRONCLAD,DEFEND_IRONCLAD,DEFEND_IRONCLAD,DEFEND_IRONCLAD,BASH,ANGER,CINDER,TRUE_GRIT,CINDER,INFLAME,INFERNO,JUGGLING,UPPERCUT,UPPERCUT,DEMON_FORM,ASHEN_STRIKE,SETUP_STRIKE,FLAME_BARRIER,TAUNT,BATTLE_TRANCE,ANGER,BODY_SLAM,EXPECT_A_FIGHT,POMMEL_STRIKE
  [cell] TunnelerWeak                     bucket=Monster wins=4/4 (100%) outcomes=W/W/W/W avg_reward=+61.3
  [cell-deck] TunnelerWeak Monster STRIKE_IRONCLAD,STRIKE_IRONCLAD,DEFEND_IRONCLAD,DEFEND_IRONCLAD,BASH,HEADBUTT,BODY_SLAM,SPITE,TRUE_GRIT,SHRUG_IT_OFF,STRIKE_IRONCLAD,FIGHT_ME,THUNDERCLAP,FEED,HAVOC,NOT_YET,SWORD_BOOMERANG,PERFECTED_STRIKE,HEMOKINESIS,WHIRLWIND,HEADBUTT,POMMEL_STRIKE,BLOODLETTING,HAVOC,CRUELTY
  [cell] SlimesNormal                     bucket=Monster wins=4/4 (100%) outcomes=W/W/W/W avg_reward=+76.3
  [cell-deck] SlimesNormal Monster STRIKE_IRONCLAD,DEFEND_IRONCLAD,DEFEND_IRONCLAD,DEFEND_IRONCLAD,DEFEND_IRONCLAD,BASH,TREMBLE,TWIN_STRIKE,ARMAMENTS,FIGHT_ME,BREAKTHROUGH,UPPERCUT,BLOODLETTING,THRASH,BREAKTHROUGH,SHRUG_IT_OFF,ANGER,UNRELENTING,STONE_ARMOR,CINDER,DRUM_OF_BATTLE,SHRUG_IT_OFF,CRUELTY,DEFEND_IRONCLAD,ANGER,STOKE
  [cell] SlimesWeak                       bucket=Monster wins=4/4 (100%) outcomes=W/W/W/W avg_reward=+47.8
  [cell-deck] SlimesWeak Monster STRIKE_IRONCLAD,STRIKE_IRONCLAD,STRIKE_IRONCLAD,DEFEND_IRONCLAD,BASH,HEADBUTT,TREMBLE,ANGER,HEADBUTT,BREAKTHROUGH,HEADBUTT,EVIL_EYE,HOWL_FROM_BEYOND,BLOODLETTING,NOT_YET,EVIL_EYE,STAMPEDE,TAUNT,BULLY,INFERNO,BLOOD_WALL,TWIN_STRIKE,TRUE_GRIT,BLOODLETTING,JUGGLING
  [cell] CultistsNormal                   bucket=Monster wins=4/4 (100%) outcomes=W/W/W/W avg_reward=+74.3
  [cell-deck] CultistsNormal Monster STRIKE_IRONCLAD,STRIKE_IRONCLAD,STRIKE_IRONCLAD,DEFEND_IRONCLAD,DEFEND_IRONCLAD,BASH,AGGRESSION,TWIN_STRIKE,STOMP,POMMEL_STRIKE,SECOND_WIND,FORGOTTEN_RITUAL,SPITE,SWORD_BOOMERANG,STOKE,INFERNAL_BLADE,BODY_SLAM,SETUP_STRIKE,SHRUG_IT_OFF,HEMOKINESIS,BASH,CRIMSON_MANTLE,TRUE_GRIT,OFFERING,SWORD_BOOMERANG,INFERNAL_BLADE
  [cell] TurretOperatorWeak               bucket=Monster wins=4/4 (100%) outcomes=W/W/W/W avg_reward=+58.0
  [cell-deck] TurretOperatorWeak Monster STRIKE_IRONCLAD,STRIKE_IRONCLAD,STRIKE_IRONCLAD,DEFEND_IRONCLAD,BASH,HEADBUTT,POMMEL_STRIKE,DEFEND_IRONCLAD,UNRELENTING,PERFECTED_STRIKE,BASH,DEMONIC_SHIELD,BASH,THUNDERCLAP,SHRUG_IT_OFF,BLOOD_WALL,SETUP_STRIKE,BASH,TWIN_STRIKE,ANGER,SPITE,CINDER,SETUP_STRIKE,TAUNT,SWORD_BOOMERANG
  [cell] OvergrowthCrawlers               bucket=Monster wins=3/4 ( 75%) outcomes=W/W/L/W avg_reward=+37.0
  [cell-deck] OvergrowthCrawlers Monster STRIKE_IRONCLAD,STRIKE_IRONCLAD,STRIKE_IRONCLAD,DEFEND_IRONCLAD,DEFEND_IRONCLAD,DEFEND_IRONCLAD,BLOOD_WALL,TWIN_STRIKE,IRON_WAVE,TRUE_GRIT,CINDER,TANK,FIEND_FIRE,STOMP,FEEL_NO_PAIN,COLOSSUS,DOMINATE,IMPERVIOUS,RAMPAGE,RUPTURE,STRIKE_IRONCLAD,STAMPEDE,OFFERING,TREMBLE,PILLAGE,BURNING_PACT,UPPERCUT
  [cell] BowlbugsNormal                   bucket=Monster wins=1/4 ( 25%) outcomes=L/W/L/L avg_reward=-0.3
  [cell-deck] BowlbugsNormal Monster STRIKE_IRONCLAD,STRIKE_IRONCLAD,STRIKE_IRONCLAD,DEFEND_IRONCLAD,DEFEND_IRONCLAD,HEADBUTT,FORGOTTEN_RITUAL,JUGGERNAUT,INFERNAL_BLADE,BASH,RUPTURE,CRUELTY,RAGE,PERFECTED_STRIKE,TREMBLE,THRASH,PRIMAL_FORCE,DEMONIC_SHIELD,RAGE,IRON_WAVE,HAVOC,JUGGERNAUT,IRON_WAVE,MANGLE,BLOOD_WALL
  [cell] BowlbugsWeak                     bucket=Monster wins=4/4 (100%) outcomes=W/W/W/W avg_reward=+41.5
  [cell-deck] BowlbugsWeak Monster STRIKE_IRONCLAD,STRIKE_IRONCLAD,DEFEND_IRONCLAD,DEFEND_IRONCLAD,DEFEND_IRONCLAD,BASH,BURNING_PACT,TWIN_STRIKE,DEFEND_IRONCLAD,BREAKTHROUGH,SPITE,DEFEND_IRONCLAD,ANGER,SHRUG_IT_OFF,UPPERCUT,WHIRLWIND,HOWL_FROM_BEYOND,COLOSSUS,PILLAGE,TRUE_GRIT,IRON_WAVE,DEFEND_IRONCLAD,CONFLAGRATION,BREAKTHROUGH,HAVOC
  [cell] FlyconidNormal                   bucket=Monster wins=4/4 (100%) outcomes=W/W/W/W avg_reward=+61.3
  [cell-deck] FlyconidNormal Monster STRIKE_IRONCLAD,STRIKE_IRONCLAD,STRIKE_IRONCLAD,STRIKE_IRONCLAD,DEFEND_IRONCLAD,DEFEND_IRONCLAD,SPITE,HEADBUTT,BODY_SLAM,STRIKE_IRONCLAD,ANGER,INFERNO,DOMINATE,CINDER,DEFEND_IRONCLAD,FEEL_NO_PAIN,BASH,PILLAGE,PACTS_END,IRON_WAVE,FORGOTTEN_RITUAL,ARMAMENTS,BATTLE_TRANCE,TANK,DRUM_OF_BATTLE
  [cell] SpinyToadNormal                  bucket=Monster wins=4/4 (100%) outcomes=W/W/W/W avg_reward=+72.3
  [cell-deck] SpinyToadNormal Monster STRIKE_IRONCLAD,STRIKE_IRONCLAD,DEFEND_IRONCLAD,DEFEND_IRONCLAD,BASH,TWIN_STRIKE,ARMAMENTS,HEADBUTT,DEFEND_IRONCLAD,SETUP_STRIKE,PILLAGE,SECOND_WIND,MOLTEN_FIST,SHRUG_IT_OFF,POMMEL_STRIKE,ANGER,MOLTEN_FIST,BLUDGEON,DARK_EMBRACE,STOMP,TRUE_GRIT,INFERNAL_BLADE,CINDER,PILLAGE
  [cell] ConstructMenagerieNormal         bucket=Monster wins=0/4 (  0%) outcomes=L/L/L/L avg_reward=+11.3
  [cell-deck] ConstructMenagerieNormal Monster STRIKE_IRONCLAD,STRIKE_IRONCLAD,DEFEND_IRONCLAD,DEFEND_IRONCLAD,DEFEND_IRONCLAD,DEFEND_IRONCLAD,THRASH,HEADBUTT,TRUE_GRIT,BASH,JUGGERNAUT,TWIN_STRIKE,TWIN_STRIKE,BREAKTHROUGH,THUNDERCLAP,BLOODLETTING,CINDER,FIGHT_ME,JUGGLING,SPITE,BLUDGEON,IRON_WAVE,SHRUG_IT_OFF,BLUDGEON,BLUDGEON,WHIRLWIND
  [cell] HunterKillerNormal               bucket=Monster wins=4/4 (100%) outcomes=W/W/W/W avg_reward=+40.0
  [cell-deck] HunterKillerNormal Monster STRIKE_IRONCLAD,STRIKE_IRONCLAD,DEFEND_IRONCLAD,DEFEND_IRONCLAD,BASH,TWIN_STRIKE,STONE_ARMOR,RUPTURE,STRIKE_IRONCLAD,BODY_SLAM,CRIMSON_MANTLE,PYRE,BREAKTHROUGH,INFERNAL_BLADE,STRIKE_IRONCLAD,STAMPEDE,IRON_WAVE,FEED,ANGER,DEMON_FORM,MOLTEN_FIST,STONE_ARMOR,ARMAMENTS,EVIL_EYE,STRIKE_IRONCLAD
  [cell] TheObscuraNormal                 bucket=Monster wins=0/4 (  0%) outcomes=L/L/L/L avg_reward=+74.8
  [cell-deck] TheObscuraNormal Monster STRIKE_IRONCLAD,STRIKE_IRONCLAD,STRIKE_IRONCLAD,STRIKE_IRONCLAD,DEFEND_IRONCLAD,DEFEND_IRONCLAD,UPPERCUT,HAVOC,PYRE,DOMINATE,BASH,FIEND_FIRE,MOLTEN_FIST,BLUDGEON,HOWL_FROM_BEYOND,THUNDERCLAP,FIEND_FIRE,BODY_SLAM,INFERNAL_BLADE,VICIOUS,THUNDERCLAP,ASHEN_STRIKE,FORGOTTEN_RITUAL,HEADBUTT,TWIN_STRIKE,SECOND_WIND,TWIN_STRIKE
  [cell] RubyRaidersNormal                bucket=Monster wins=4/4 (100%) outcomes=W/W/W/W avg_reward=+54.5
  [cell-deck] RubyRaidersNormal Monster STRIKE_IRONCLAD,STRIKE_IRONCLAD,STRIKE_IRONCLAD,STRIKE_IRONCLAD,DEFEND_IRONCLAD,TWIN_STRIKE,JUGGERNAUT,UNRELENTING,DRUM_OF_BATTLE,ONE_TWO_PUNCH,THUNDERCLAP,PERFECTED_STRIKE,STOKE,COLOSSUS,UNRELENTING,IRON_WAVE,HEMOKINESIS,OFFERING,SHRUG_IT_OFF,STRIKE_IRONCLAD,CINDER,BLOOD_WALL,TANK,BARRICADE,BATTLE_TRANCE
  [cell] LouseProgenitorNormal            bucket=Monster wins=3/4 ( 75%) outcomes=W/W/L/W avg_reward=+81.0
  [cell-deck] LouseProgenitorNormal Monster STRIKE_IRONCLAD,STRIKE_IRONCLAD,DEFEND_IRONCLAD,DEFEND_IRONCLAD,DEFEND_IRONCLAD,BASH,BASH,HAVOC,HAVOC,OFFERING,ONE_TWO_PUNCH,STRIKE_IRONCLAD,BULLY,BLOOD_WALL,BASH,PERFECTED_STRIKE,IRON_WAVE,TREMBLE,HEADBUTT,BULLY,PERFECTED_STRIKE,MANGLE,BASH,SHRUG_IT_OFF,SHRUG_IT_OFF
  [cell] GlobeHeadNormal                  bucket=Monster wins=2/4 ( 50%) outcomes=L/W/W/L avg_reward=+66.3
  [cell-deck] GlobeHeadNormal Monster STRIKE_IRONCLAD,STRIKE_IRONCLAD,DEFEND_IRONCLAD,DEFEND_IRONCLAD,BASH,TRUE_GRIT,DEMON_FORM,CINDER,TEAR_ASUNDER,ARMAMENTS,INFERNO,MOLTEN_FIST,FEEL_NO_PAIN,WHIRLWIND,BLOODLETTING,DEFEND_IRONCLAD,FORGOTTEN_RITUAL,STRIKE_IRONCLAD,HOWL_FROM_BEYOND,DISMANTLE,TREMBLE,FLAME_BARRIER,POMMEL_STRIKE,STOKE,FEEL_NO_PAIN
  [cell] OvicopterNormal                  bucket=Monster wins=4/4 (100%) outcomes=W/W/W/W avg_reward=+101.3
  [cell-deck] OvicopterNormal Monster STRIKE_IRONCLAD,STRIKE_IRONCLAD,STRIKE_IRONCLAD,DEFEND_IRONCLAD,DEFEND_IRONCLAD,DEFEND_IRONCLAD,INFLAME,HOWL_FROM_BEYOND,BLOODLETTING,POMMEL_STRIKE,SECOND_WIND,CINDER,STRIKE_IRONCLAD,SETUP_STRIKE,BASH,EXPECT_A_FIGHT,BODY_SLAM,INFERNO,CONFLAGRATION,SWORD_BOOMERANG,ONE_TWO_PUNCH,TRUE_GRIT,BLUDGEON,CINDER,RAMPAGE
  [cell] DevotedSculptorWeak              bucket=Monster wins=0/4 (  0%) outcomes=L/L/L/L avg_reward=+38.0
  [cell-deck] DevotedSculptorWeak Monster STRIKE_IRONCLAD,STRIKE_IRONCLAD,STRIKE_IRONCLAD,DEFEND_IRONCLAD,BASH,VICIOUS,ANGER,DEFEND_IRONCLAD,UNRELENTING,HELLRAISER,BLOODLETTING,BREAKTHROUGH,FEEL_NO_PAIN,SHRUG_IT_OFF,SHRUG_IT_OFF,THUNDERCLAP,CINDER,HAVOC,HELLRAISER,RAGE,UPPERCUT,THUNDERCLAP,OFFERING,BASH
  [cell] SlitheringStranglerNormal        bucket=Monster wins=4/4 (100%) outcomes=W/W/W/W avg_reward=+67.8
  [cell-deck] SlitheringStranglerNormal Monster STRIKE_IRONCLAD,STRIKE_IRONCLAD,STRIKE_IRONCLAD,DEFEND_IRONCLAD,DEFEND_IRONCLAD,HOWL_FROM_BEYOND,THUNDERCLAP,TRUE_GRIT,CINDER,RAMPAGE,HEADBUTT,RAGE,RAGE,BLOOD_WALL,DISMANTLE,CRUELTY,BULLY,ARMAMENTS,DOMINATE,HAVOC,STRIKE_IRONCLAD,IRON_WAVE,INFERNAL_BLADE,HAVOC,DEMONIC_SHIELD
  [cell] SlumberingBeetleNormal           bucket=Monster wins=2/4 ( 50%) outcomes=L/W/L/W avg_reward=+66.8
  [cell-deck] SlumberingBeetleNormal Monster STRIKE_IRONCLAD,STRIKE_IRONCLAD,DEFEND_IRONCLAD,DEFEND_IRONCLAD,DEFEND_IRONCLAD,BASH,BRAND,UPPERCUT,SPITE,JUGGLING,INFERNAL_BLADE,TREMBLE,SPITE,BODY_SLAM,UPPERCUT,IMPERVIOUS,TREMBLE,POMMEL_STRIKE,BRAND,PRIMAL_FORCE,BULLY,BREAKTHROUGH,PILLAGE,BREAKTHROUGH,FIGHT_ME,STOMP
  [cell] FrogKnightNormal                 bucket=Monster wins=0/4 (  0%) outcomes=L/L/L/L avg_reward=+45.5
  [cell-deck] FrogKnightNormal Monster STRIKE_IRONCLAD,STRIKE_IRONCLAD,STRIKE_IRONCLAD,DEFEND_IRONCLAD,DEFEND_IRONCLAD,HOWL_FROM_BEYOND,PILLAGE,BREAKTHROUGH,SPITE,BLOODLETTING,BASH,PILLAGE,DEFEND_IRONCLAD,TEAR_ASUNDER,HEMOKINESIS,ARMAMENTS,BLUDGEON,DARK_EMBRACE,BASH,TWIN_STRIKE,HEMOKINESIS,SWORD_BOOMERANG,DEMON_FORM,BLUDGEON,NOT_YET,BODY_SLAM
  [cell] TheLostAndForgottenNormal        bucket=Monster wins=3/4 ( 75%) outcomes=W/W/L/W avg_reward=+119.5
  [cell-deck] TheLostAndForgottenNormal Monster STRIKE_IRONCLAD,STRIKE_IRONCLAD,STRIKE_IRONCLAD,STRIKE_IRONCLAD,DEFEND_IRONCLAD,BASH,DEFEND_IRONCLAD,UPPERCUT,INFLAME,STRIKE_IRONCLAD,ANGER,DRUM_OF_BATTLE,FIEND_FIRE,BLOOD_WALL,MOLTEN_FIST,CINDER,ASHEN_STRIKE,FORGOTTEN_RITUAL,BLOODLETTING,THUNDERCLAP,TRUE_GRIT,RUPTURE,DEMON_FORM,HOWL_FROM_BEYOND,BULLY,INFERNAL_BLADE,SETUP_STRIKE
  [cell] OwlMagistrateNormal              bucket=Monster wins=0/4 (  0%) outcomes=L/L/L/L avg_reward=+41.5
  [cell-deck] OwlMagistrateNormal Monster STRIKE_IRONCLAD,DEFEND_IRONCLAD,DEFEND_IRONCLAD,DEFEND_IRONCLAD,BASH,HEMOKINESIS,FIGHT_ME,HEADBUTT,DEFEND_IRONCLAD,JUGGLING,RUPTURE,OFFERING,THUNDERCLAP,PERFECTED_STRIKE,PILLAGE,STOMP,BATTLE_TRANCE,INFERNAL_BLADE,STONE_ARMOR,HEADBUTT,BLOODLETTING,BLOODLETTING,BLOOD_WALL,TAUNT,THRASH,TREMBLE
  [cell] FabricatorNormal                 bucket=Monster wins=4/4 (100%) outcomes=W/W/W/W avg_reward=+150.0
  [cell-deck] FabricatorNormal Monster STRIKE_IRONCLAD,STRIKE_IRONCLAD,STRIKE_IRONCLAD,DEFEND_IRONCLAD,DEFEND_IRONCLAD,BASH,FEEL_NO_PAIN,UPPERCUT,CRUELTY,BASH,JUGGERNAUT,STOKE,ANGER,BASH,BREAKTHROUGH,VICIOUS,BURNING_PACT,BODY_SLAM,BASH,BLOOD_WALL,PYRE,BULLY,UNRELENTING,STOMP,AGGRESSION
  [cell] SlimedBerserkerNormal            bucket=Monster wins=0/4 (  0%) outcomes=L/L/L/L avg_reward=+30.5
  [cell-deck] SlimedBerserkerNormal Monster STRIKE_IRONCLAD,STRIKE_IRONCLAD,DEFEND_IRONCLAD,DEFEND_IRONCLAD,BASH,HEMOKINESIS,BLUDGEON,SECOND_WIND,STRIKE_IRONCLAD,WHIRLWIND,DISMANTLE,JUGGLING,HOWL_FROM_BEYOND,EXPECT_A_FIGHT,STOMP,JUGGLING,ARMAMENTS,SETUP_STRIKE,IRON_WAVE,UNMOVABLE,STOMP,HAVOC,TREMBLE,MOLTEN_FIST,BLUDGEON,RAGE
  [cell] PhantasmalGardenersElite         bucket=Elite   wins=4/4 (100%) outcomes=W/W/W/W avg_reward=+72.3
  [cell-deck] PhantasmalGardenersElite Elite STRIKE_IRONCLAD,STRIKE_IRONCLAD,STRIKE_IRONCLAD,DEFEND_IRONCLAD,DEFEND_IRONCLAD,DEFEND_IRONCLAD,HOWL_FROM_BEYOND,UNRELENTING,ANGER,DRUM_OF_BATTLE,BASH,BURNING_PACT,PILLAGE,ARMAMENTS,STOKE,SHRUG_IT_OFF,FEEL_NO_PAIN,TRUE_GRIT,ANGER,DRUM_OF_BATTLE,FLAME_BARRIER,SETUP_STRIKE,PERFECTED_STRIKE,BATTLE_TRANCE,STRIKE_IRONCLAD,TRUE_GRIT
  [cell] SkulkingColonyElite              bucket=Elite   wins=4/4 (100%) outcomes=W/W/W/W avg_reward=+33.5
  [cell-deck] SkulkingColonyElite Elite STRIKE_IRONCLAD,STRIKE_IRONCLAD,DEFEND_IRONCLAD,DEFEND_IRONCLAD,BASH,HEMOKINESIS,TREMBLE,UPPERCUT,DRUM_OF_BATTLE,HAVOC,TWIN_STRIKE,INFERNO,BASH,BLOOD_WALL,TWIN_STRIKE,DEMONIC_SHIELD,VICIOUS,TWIN_STRIKE,CRUELTY,HEMOKINESIS,HEADBUTT,SHRUG_IT_OFF,SECOND_WIND,DEFEND_IRONCLAD
  [cell] ByrdonisElite                    bucket=Elite   wins=4/4 (100%) outcomes=W/W/W/W avg_reward=+32.5
  [cell-deck] ByrdonisElite Elite STRIKE_IRONCLAD,STRIKE_IRONCLAD,STRIKE_IRONCLAD,STRIKE_IRONCLAD,DEFEND_IRONCLAD,BASH,NOT_YET,UNRELENTING,STAMPEDE,ONE_TWO_PUNCH,ONE_TWO_PUNCH,POMMEL_STRIKE,CRIMSON_MANTLE,VICIOUS,FEEL_NO_PAIN,IMPERVIOUS,IRON_WAVE,RAMPAGE,UNMOVABLE,MANGLE,BLOODLETTING,CINDER,DEFEND_IRONCLAD,FIGHT_ME,PERFECTED_STRIKE,POMMEL_STRIKE
  [cell] PhrogParasiteElite               bucket=Elite   wins=4/4 (100%) outcomes=W/W/W/W avg_reward=+115.8
  [cell-deck] PhrogParasiteElite Elite STRIKE_IRONCLAD,STRIKE_IRONCLAD,STRIKE_IRONCLAD,DEFEND_IRONCLAD,DEFEND_IRONCLAD,HELLRAISER,POMMEL_STRIKE,CINDER,TEAR_ASUNDER,THUNDERCLAP,MOLTEN_FIST,HEMOKINESIS,RAGE,THRASH,BLOOD_WALL,BASH,TRUE_GRIT,BREAKTHROUGH,AGGRESSION,UPPERCUT,BLOOD_WALL,ARMAMENTS,INFLAME,WHIRLWIND
[arm-start] cost_bias=-3 (planner-bias-sweep arm)
  [cell] InkletsNormal                    bucket=Monster wins=4/4 (100%) outcomes=W/W/W/W avg_reward=+27.3
  [cell-deck] InkletsNormal Monster STRIKE_IRONCLAD,STRIKE_IRONCLAD,STRIKE_IRONCLAD,DEFEND_IRONCLAD,BASH,MANGLE,HOWL_FROM_BEYOND,MANGLE,IRON_WAVE,STOMP,INFERNAL_BLADE,FEEL_NO_PAIN,STRIKE_IRONCLAD,STOMP,FORGOTTEN_RITUAL,IRON_WAVE,HOWL_FROM_BEYOND,DEMON_FORM,SECOND_WIND,HOWL_FROM_BEYOND,DEMON_FORM,INFERNO,THUNDERCLAP,RAMPAGE
  [cell] TwoTailedRatsNormal              bucket=Monster wins=4/4 (100%) outcomes=W/W/W/W avg_reward=+52.8
  [cell-deck] TwoTailedRatsNormal Monster STRIKE_IRONCLAD,STRIKE_IRONCLAD,DEFEND_IRONCLAD,DEFEND_IRONCLAD,DEFEND_IRONCLAD,BASH,PILLAGE,BLOOD_WALL,EXPECT_A_FIGHT,CINDER,STOMP,BARRICADE,STRIKE_IRONCLAD,TANK,BLUDGEON,BODY_SLAM,BARRICADE,UNRELENTING,HOWL_FROM_BEYOND,UNRELENTING,MANGLE,COLOSSUS,BLUDGEON,BULLY,STOMP,BLOOD_WALL,EVIL_EYE
  [cell] ToadpolesWeak                    bucket=Monster wins=4/4 (100%) outcomes=W/W/W/W avg_reward=+37.3
  [cell-deck] ToadpolesWeak Monster STRIKE_IRONCLAD,STRIKE_IRONCLAD,STRIKE_IRONCLAD,DEFEND_IRONCLAD,DEFEND_IRONCLAD,MANGLE,CINDER,TANK,BLOOD_WALL,CINDER,BLUDGEON,DOMINATE,HEADBUTT,INFERNO,MANGLE,DEMON_FORM,HEADBUTT,INFERNO,HEMOKINESIS,BARRICADE,WHIRLWIND,STRIKE_IRONCLAD,PYRE,FLAME_BARRIER
  [cell] CorpseSlugsNormal                bucket=Monster wins=4/4 (100%) outcomes=W/W/W/W avg_reward=+70.5
  [cell-deck] CorpseSlugsNormal Monster STRIKE_IRONCLAD,STRIKE_IRONCLAD,STRIKE_IRONCLAD,DEFEND_IRONCLAD,DEFEND_IRONCLAD,BLOODLETTING,BLUDGEON,HEADBUTT,CINDER,PYRE,AGGRESSION,ANGER,DRUM_OF_BATTLE,TWIN_STRIKE,INFERNAL_BLADE,PERFECTED_STRIKE,ONE_TWO_PUNCH,COLOSSUS,FIEND_FIRE,SECOND_WIND,BLUDGEON,DEFEND_IRONCLAD,FEEL_NO_PAIN,UNRELENTING,HOWL_FROM_BEYOND
  [cell] CorpseSlugsWeak                  bucket=Monster wins=4/4 (100%) outcomes=W/W/W/W avg_reward=+50.8
  [cell-deck] CorpseSlugsWeak Monster STRIKE_IRONCLAD,STRIKE_IRONCLAD,STRIKE_IRONCLAD,DEFEND_IRONCLAD,DEFEND_IRONCLAD,MANGLE,ARMAMENTS,BLOOD_WALL,HOWL_FROM_BEYOND,TWIN_STRIKE,DEFEND_IRONCLAD,HOWL_FROM_BEYOND,PERFECTED_STRIKE,DEFEND_IRONCLAD,BLUDGEON,BASH,MOLTEN_FIST,TANK,CONFLAGRATION,HOWL_FROM_BEYOND,ANGER,UPPERCUT,DARK_EMBRACE,DARK_EMBRACE,PERFECTED_STRIKE,BLUDGEON
  [cell] ExoskeletonsNormal               bucket=Monster wins=3/4 ( 75%) outcomes=W/W/L/W avg_reward=+24.0
  [cell-deck] ExoskeletonsNormal Monster STRIKE_IRONCLAD,STRIKE_IRONCLAD,DEFEND_IRONCLAD,DEFEND_IRONCLAD,DEFEND_IRONCLAD,BASH,HOWL_FROM_BEYOND,BLOODLETTING,TANK,RAGE,STAMPEDE,BLUDGEON,MANGLE,UPPERCUT,UPPERCUT,PERFECTED_STRIKE,PRIMAL_FORCE,FLAME_BARRIER,MANGLE,HOWL_FROM_BEYOND,BLUDGEON,CINDER,STOMP,MANGLE,BREAK
  [cell] ExoskeletonsWeak                 bucket=Monster wins=4/4 (100%) outcomes=W/W/W/W avg_reward=+46.3
  [cell-deck] ExoskeletonsWeak Monster STRIKE_IRONCLAD,STRIKE_IRONCLAD,DEFEND_IRONCLAD,DEFEND_IRONCLAD,BASH,MANGLE,SHRUG_IT_OFF,DOMINATE,BARRICADE,EVIL_EYE,TWIN_STRIKE,FLAME_BARRIER,CINDER,BASH,CRUELTY,STOMP,IRON_WAVE,BLOOD_WALL,ARMAMENTS,ARMAMENTS,PERFECTED_STRIKE,CINDER,BLOOD_WALL,ASHEN_STRIKE
  [cell] ScrollsOfBitingNormal            bucket=Monster wins=1/4 ( 25%) outcomes=L/L/L/W avg_reward=+43.8
  [cell-deck] ScrollsOfBitingNormal Monster STRIKE_IRONCLAD,STRIKE_IRONCLAD,STRIKE_IRONCLAD,DEFEND_IRONCLAD,BASH,BLUDGEON,MOLTEN_FIST,UNMOVABLE,BREAKTHROUGH,STOMP,RUPTURE,BATTLE_TRANCE,BLUDGEON,FIGHT_ME,CASCADE,BLUDGEON,SHRUG_IT_OFF,STOMP,UNMOVABLE,RAGE,STOMP,PRIMAL_FORCE,STOKE,HOWL_FROM_BEYOND
  [cell] ScrollsOfBitingWeak              bucket=Monster wins=4/4 (100%) outcomes=W/W/W/W avg_reward=+52.0
  [cell-deck] ScrollsOfBitingWeak Monster STRIKE_IRONCLAD,STRIKE_IRONCLAD,STRIKE_IRONCLAD,DEFEND_IRONCLAD,DEFEND_IRONCLAD,BASH,RAGE,MOLTEN_FIST,HOWL_FROM_BEYOND,INFLAME,HELLRAISER,BASH,BASH,INFLAME,HEADBUTT,STOMP,STOMP,HOWL_FROM_BEYOND,RAMPAGE,FLAME_BARRIER,STOMP,HEMOKINESIS,PERFECTED_STRIKE,DOMINATE,PILLAGE,SWORD_BOOMERANG
  [cell] SludgeSpinnerWeak                bucket=Monster wins=4/4 (100%) outcomes=W/W/W/W avg_reward=+30.5
  [cell-deck] SludgeSpinnerWeak Monster STRIKE_IRONCLAD,STRIKE_IRONCLAD,STRIKE_IRONCLAD,STRIKE_IRONCLAD,DEFEND_IRONCLAD,BLUDGEON,EXPECT_A_FIGHT,BREAK,RAMPAGE,CONFLAGRATION,DRUM_OF_BATTLE,BARRICADE,SHRUG_IT_OFF,BLUDGEON,FEED,TREMBLE,PRIMAL_FORCE,BARRICADE,PERFECTED_STRIKE,CASCADE,HOWL_FROM_BEYOND,ARMAMENTS,MANGLE,CASCADE
  [cell] ShrinkerBeetleWeak               bucket=Monster wins=4/4 (100%) outcomes=W/W/W/W avg_reward=+34.0
  [cell-deck] ShrinkerBeetleWeak Monster STRIKE_IRONCLAD,STRIKE_IRONCLAD,DEFEND_IRONCLAD,DEFEND_IRONCLAD,DEFEND_IRONCLAD,BASH,STOMP,MANGLE,CINDER,STOMP,AGGRESSION,HOWL_FROM_BEYOND,PERFECTED_STRIKE,HOWL_FROM_BEYOND,BASH,INFERNAL_BLADE,UPPERCUT,DARK_EMBRACE,PERFECTED_STRIKE,PACTS_END,IMPERVIOUS,AGGRESSION,DEMONIC_SHIELD,PACTS_END,HOWL_FROM_BEYOND,JUGGLING,EXPECT_A_FIGHT
  [cell] AxebotsNormal                    bucket=Monster wins=0/4 (  0%) outcomes=L/L/L/L avg_reward=+73.8
  [cell-deck] AxebotsNormal Monster STRIKE_IRONCLAD,STRIKE_IRONCLAD,DEFEND_IRONCLAD,DEFEND_IRONCLAD,BASH,BLUDGEON,BLOODLETTING,FIEND_FIRE,BLUDGEON,UNRELENTING,HOWL_FROM_BEYOND,BLUDGEON,UPPERCUT,TRUE_GRIT,TREMBLE,NOT_YET,SWORD_BOOMERANG,DRUM_OF_BATTLE,HELLRAISER,PRIMAL_FORCE,HOWL_FROM_BEYOND,BLOOD_WALL,BODY_SLAM,BLOOD_WALL,FIEND_FIRE,PYRE
  [cell] NibbitsNormal                    bucket=Monster wins=4/4 (100%) outcomes=W/W/W/W avg_reward=+68.3
  [cell-deck] NibbitsNormal Monster STRIKE_IRONCLAD,STRIKE_IRONCLAD,DEFEND_IRONCLAD,DEFEND_IRONCLAD,DEFEND_IRONCLAD,BASH,HOWL_FROM_BEYOND,NOT_YET,AGGRESSION,BARRICADE,FIGHT_ME,BLUDGEON,STOMP,OFFERING,CINDER,DARK_EMBRACE,HOWL_FROM_BEYOND,ASHEN_STRIKE,STOMP,WHIRLWIND,DEMON_FORM,HEADBUTT,DISMANTLE,SETUP_STRIKE,BATTLE_TRANCE
  [cell] NibbitsWeak                      bucket=Monster wins=4/4 (100%) outcomes=W/W/W/W avg_reward=+32.8
  [cell-deck] NibbitsWeak Monster STRIKE_IRONCLAD,STRIKE_IRONCLAD,STRIKE_IRONCLAD,DEFEND_IRONCLAD,DEFEND_IRONCLAD,BLUDGEON,SWORD_BOOMERANG,PERFECTED_STRIKE,PERFECTED_STRIKE,FEED,BLOODLETTING,BLUDGEON,INFLAME,PERFECTED_STRIKE,BASH,FEED,STOMP,MANGLE,BREAKTHROUGH,BULLY,BODY_SLAM,FEEL_NO_PAIN,WHIRLWIND,STOMP
  [cell] SeapunkWeak                      bucket=Monster wins=4/4 (100%) outcomes=W/W/W/W avg_reward=+33.3
  [cell-deck] SeapunkWeak Monster STRIKE_IRONCLAD,STRIKE_IRONCLAD,STRIKE_IRONCLAD,DEFEND_IRONCLAD,DEFEND_IRONCLAD,DEFEND_IRONCLAD,MANGLE,MOLTEN_FIST,SECOND_WIND,DEFEND_IRONCLAD,UNMOVABLE,MANGLE,FIGHT_ME,MANGLE,STRIKE_IRONCLAD,BASH,PACTS_END,STAMPEDE,STOKE,BREAKTHROUGH,BASH,UPPERCUT,ASHEN_STRIKE,BASH,TAUNT,BLUDGEON
  [cell] FossilStalkerNormal              bucket=Monster wins=4/4 (100%) outcomes=W/W/W/W avg_reward=+42.8
  [cell-deck] FossilStalkerNormal Monster STRIKE_IRONCLAD,STRIKE_IRONCLAD,STRIKE_IRONCLAD,STRIKE_IRONCLAD,DEFEND_IRONCLAD,DEFEND_IRONCLAD,FIGHT_ME,BLOOD_WALL,PACTS_END,BLOOD_WALL,HOWL_FROM_BEYOND,BLOOD_WALL,CINDER,MANGLE,DRUM_OF_BATTLE,FLAME_BARRIER,BLUDGEON,CONFLAGRATION,BLOOD_WALL,HOWL_FROM_BEYOND,SETUP_STRIKE,STOMP,STOKE,DEMON_FORM,FLAME_BARRIER,BATTLE_TRANCE
  [cell] PunchConstructNormal             bucket=Monster wins=4/4 (100%) outcomes=W/W/W/W avg_reward=+46.5
  [cell-deck] PunchConstructNormal Monster STRIKE_IRONCLAD,STRIKE_IRONCLAD,STRIKE_IRONCLAD,DEFEND_IRONCLAD,BASH,JUGGERNAUT,HOWL_FROM_BEYOND,PYRE,STAMPEDE,DEMON_FORM,INFERNAL_BLADE,BASH,PERFECTED_STRIKE,STOMP,RAGE,PACTS_END,BATTLE_TRANCE,BLUDGEON,MANGLE,JUGGLING,MANGLE,UPPERCUT,DEMONIC_SHIELD,FLAME_BARRIER,HEMOKINESIS,SECOND_WIND
  [cell] SewerClamNormal                  bucket=Monster wins=4/4 (100%) outcomes=W/W/W/W avg_reward=+43.0
  [cell-deck] SewerClamNormal Monster STRIKE_IRONCLAD,STRIKE_IRONCLAD,STRIKE_IRONCLAD,DEFEND_IRONCLAD,DEFEND_IRONCLAD,DEFEND_IRONCLAD,HOWL_FROM_BEYOND,BATTLE_TRANCE,FIEND_FIRE,DISMANTLE,BASH,HOWL_FROM_BEYOND,STRIKE_IRONCLAD,INFERNO,UPPERCUT,BRAND,DEFEND_IRONCLAD,BARRICADE,BASH,SETUP_STRIKE,HOWL_FROM_BEYOND,DEMONIC_SHIELD,HAVOC,MOLTEN_FIST,CINDER,STOMP,MANGLE
  [cell] FuzzyWurmCrawlerWeak             bucket=Monster wins=4/4 (100%) outcomes=W/W/W/W avg_reward=+48.3
  [cell-deck] FuzzyWurmCrawlerWeak Monster STRIKE_IRONCLAD,STRIKE_IRONCLAD,DEFEND_IRONCLAD,DEFEND_IRONCLAD,DEFEND_IRONCLAD,JUGGERNAUT,CRIMSON_MANTLE,WHIRLWIND,DEMON_FORM,SETUP_STRIKE,BLUDGEON,BARRICADE,CINDER,INFLAME,TAUNT,FIGHT_ME,BARRICADE,DRUM_OF_BATTLE,DISMANTLE,BLOOD_WALL,CRIMSON_MANTLE,CONFLAGRATION,BLUDGEON,BLUDGEON
  [cell] VineShamblerNormal               bucket=Monster wins=4/4 (100%) outcomes=W/W/W/W avg_reward=+38.8
  [cell-deck] VineShamblerNormal Monster STRIKE_IRONCLAD,STRIKE_IRONCLAD,STRIKE_IRONCLAD,STRIKE_IRONCLAD,DEFEND_IRONCLAD,BASH,BREAKTHROUGH,BLOOD_WALL,BLUDGEON,INFLAME,HELLRAISER,BURNING_PACT,AGGRESSION,PERFECTED_STRIKE,BLUDGEON,UNMOVABLE,STOMP,SETUP_STRIKE,BULLY,BASH,CRIMSON_MANTLE,STOMP,HELLRAISER,PYRE,STOMP
  [cell] HauntedShipNormal                bucket=Monster wins=4/4 (100%) outcomes=W/W/W/W avg_reward=+52.8
  [cell-deck] HauntedShipNormal Monster STRIKE_IRONCLAD,DEFEND_IRONCLAD,DEFEND_IRONCLAD,DEFEND_IRONCLAD,BASH,JUGGLING,BARRICADE,BRAND,RAMPAGE,FLAME_BARRIER,DEFEND_IRONCLAD,BLUDGEON,HEADBUTT,DEMON_FORM,FIEND_FIRE,BLUDGEON,BRAND,PERFECTED_STRIKE,BLUDGEON,IRON_WAVE,DARK_EMBRACE,EVIL_EYE,RAMPAGE,ARMAMENTS,TREMBLE,BURNING_PACT
  [cell] ChompersNormal                   bucket=Monster wins=4/4 (100%) outcomes=W/W/W/W avg_reward=+92.8
  [cell-deck] ChompersNormal Monster STRIKE_IRONCLAD,STRIKE_IRONCLAD,STRIKE_IRONCLAD,STRIKE_IRONCLAD,DEFEND_IRONCLAD,DEFEND_IRONCLAD,DEMON_FORM,BLOOD_WALL,THRASH,STOMP,ANGER,PACTS_END,MANGLE,OFFERING,SHRUG_IT_OFF,PERFECTED_STRIKE,WHIRLWIND,HOWL_FROM_BEYOND,BLUDGEON,DARK_EMBRACE,ASHEN_STRIKE,DEMON_FORM,BLUDGEON,BARRICADE,NOT_YET
  [cell] CubexConstructNormal             bucket=Monster wins=4/4 (100%) outcomes=W/W/W/W avg_reward=+45.3
  [cell-deck] CubexConstructNormal Monster STRIKE_IRONCLAD,STRIKE_IRONCLAD,DEFEND_IRONCLAD,DEFEND_IRONCLAD,BASH,JUGGLING,STAMPEDE,HAVOC,CINDER,TANK,TWIN_STRIKE,BLOODLETTING,BASH,BASH,INFLAME,TEAR_ASUNDER,BLUDGEON,TREMBLE,TAUNT,BATTLE_TRANCE,UPPERCUT,PERFECTED_STRIKE,HOWL_FROM_BEYOND,RAGE,BRAND,WHIRLWIND
  [cell] MytesNormal                      bucket=Monster wins=4/4 (100%) outcomes=W/W/W/W avg_reward=+99.3
  [cell-deck] MytesNormal Monster STRIKE_IRONCLAD,STRIKE_IRONCLAD,STRIKE_IRONCLAD,DEFEND_IRONCLAD,DEFEND_IRONCLAD,BASH,ANGER,BLOOD_WALL,OFFERING,BARRICADE,FIGHT_ME,DEMONIC_SHIELD,RUPTURE,SHRUG_IT_OFF,UPPERCUT,FLAME_BARRIER,HOWL_FROM_BEYOND,CINDER,DEMON_FORM,MOLTEN_FIST,STOMP,STOMP,BLUDGEON,BLOODLETTING,BURNING_PACT,BURNING_PACT
  [cell] MawlerNormal                     bucket=Monster wins=4/4 (100%) outcomes=W/W/W/W avg_reward=+52.3
  [cell-deck] MawlerNormal Monster STRIKE_IRONCLAD,DEFEND_IRONCLAD,DEFEND_IRONCLAD,DEFEND_IRONCLAD,BASH,MANGLE,HOWL_FROM_BEYOND,PERFECTED_STRIKE,PERFECTED_STRIKE,INFLAME,BASH,CINDER,CINDER,STOMP,BLOOD_WALL,MANGLE,DARK_EMBRACE,CINDER,PERFECTED_STRIKE,INFERNAL_BLADE,VICIOUS,SPITE,BLUDGEON,JUGGERNAUT,DOMINATE
  [cell] ThievingHopperWeak               bucket=Monster wins=4/4 (100%) outcomes=W/W/W/W avg_reward=+24.5
  [cell-deck] ThievingHopperWeak Monster STRIKE_IRONCLAD,STRIKE_IRONCLAD,STRIKE_IRONCLAD,STRIKE_IRONCLAD,DEFEND_IRONCLAD,DEFEND_IRONCLAD,BLOOD_WALL,BLOOD_WALL,FEED,DARK_EMBRACE,UNRELENTING,STAMPEDE,DRUM_OF_BATTLE,PYRE,INFLAME,BODY_SLAM,PERFECTED_STRIKE,ANGER,CONFLAGRATION,STOMP,INFERNAL_BLADE,DEFEND_IRONCLAD,STOMP,FIGHT_ME,BARRICADE,UNMOVABLE,HOWL_FROM_BEYOND
  [cell] FogmogNormal                     bucket=Monster wins=4/4 (100%) outcomes=W/W/W/W avg_reward=+79.0
  [cell-deck] FogmogNormal Monster STRIKE_IRONCLAD,STRIKE_IRONCLAD,STRIKE_IRONCLAD,DEFEND_IRONCLAD,DEFEND_IRONCLAD,MANGLE,CONFLAGRATION,TWIN_STRIKE,BREAKTHROUGH,ANGER,PERFECTED_STRIKE,BREAK,STRIKE_IRONCLAD,INFERNO,CINDER,EVIL_EYE,CINDER,HEADBUTT,FIGHT_ME,BASH,NOT_YET,BASH,TWIN_STRIKE,DARK_EMBRACE,NOT_YET,HELLRAISER
  [cell] GremlinMercNormal                bucket=Monster wins=4/4 (100%) outcomes=W/W/W/W avg_reward=+30.3
  [cell-deck] GremlinMercNormal Monster STRIKE_IRONCLAD,STRIKE_IRONCLAD,STRIKE_IRONCLAD,DEFEND_IRONCLAD,DEFEND_IRONCLAD,DEFEND_IRONCLAD,STOMP,BLOOD_WALL,BLUDGEON,HOWL_FROM_BEYOND,DRUM_OF_BATTLE,HELLRAISER,HOWL_FROM_BEYOND,STOMP,SHRUG_IT_OFF,TWIN_STRIKE,BODY_SLAM,PYRE,FLAME_BARRIER,BLUDGEON,DEMONIC_SHIELD,STAMPEDE,STOMP,HOWL_FROM_BEYOND,MANGLE
  [cell] SnappingJaxfruitNormal           bucket=Monster wins=4/4 (100%) outcomes=W/W/W/W avg_reward=+58.5
  [cell-deck] SnappingJaxfruitNormal Monster STRIKE_IRONCLAD,STRIKE_IRONCLAD,STRIKE_IRONCLAD,DEFEND_IRONCLAD,DEFEND_IRONCLAD,MANGLE,ASHEN_STRIKE,BLUDGEON,MOLTEN_FIST,PERFECTED_STRIKE,STOMP,DEMON_FORM,BASH,DEFEND_IRONCLAD,SPITE,BLOOD_WALL,FIEND_FIRE,STAMPEDE,BULLY,HOWL_FROM_BEYOND,ONE_TWO_PUNCH,BLUDGEON,HOWL_FROM_BEYOND,BLUDGEON,STOKE
  [cell] LivingFogNormal                  bucket=Monster wins=4/4 (100%) outcomes=W/W/W/W avg_reward=+71.3
  [cell-deck] LivingFogNormal Monster STRIKE_IRONCLAD,STRIKE_IRONCLAD,STRIKE_IRONCLAD,DEFEND_IRONCLAD,DEFEND_IRONCLAD,BASH,THRASH,BLOOD_WALL,TEAR_ASUNDER,STAMPEDE,TAUNT,THRASH,BLOODLETTING,STOMP,DRUM_OF_BATTLE,PERFECTED_STRIKE,DISMANTLE,HEMOKINESIS,EXPECT_A_FIGHT,FEED,BATTLE_TRANCE,CRUELTY,HOWL_FROM_BEYOND,STOMP,FIGHT_ME
  [cell] SeapunkNormal                    bucket=Monster wins=4/4 (100%) outcomes=W/W/W/W avg_reward=+67.3
  [cell-deck] SeapunkNormal Monster STRIKE_IRONCLAD,STRIKE_IRONCLAD,STRIKE_IRONCLAD,DEFEND_IRONCLAD,DEFEND_IRONCLAD,MANGLE,SPITE,FIEND_FIRE,BLUDGEON,BLUDGEON,FLAME_BARRIER,CRIMSON_MANTLE,PERFECTED_STRIKE,BASH,TRUE_GRIT,STONE_ARMOR,DOMINATE,ASHEN_STRIKE,UNRELENTING,BARRICADE,DEMON_FORM,HEADBUTT,DEMON_FORM,SWORD_BOOMERANG,BASH
  [cell] TunnelerWeak                     bucket=Monster wins=4/4 (100%) outcomes=W/W/W/W avg_reward=+61.3
  [cell-deck] TunnelerWeak Monster STRIKE_IRONCLAD,STRIKE_IRONCLAD,STRIKE_IRONCLAD,DEFEND_IRONCLAD,BASH,BASH,PERFECTED_STRIKE,BODY_SLAM,RUPTURE,MANGLE,CINDER,CONFLAGRATION,BLUDGEON,FORGOTTEN_RITUAL,FIGHT_ME,DOMINATE,PERFECTED_STRIKE,DEMON_FORM,MOLTEN_FIST,THUNDERCLAP,BLOOD_WALL,RAMPAGE,SWORD_BOOMERANG,STOKE
  [cell] SlimesNormal                     bucket=Monster wins=4/4 (100%) outcomes=W/W/W/W avg_reward=+71.3
  [cell-deck] SlimesNormal Monster STRIKE_IRONCLAD,STRIKE_IRONCLAD,DEFEND_IRONCLAD,DEFEND_IRONCLAD,DEFEND_IRONCLAD,BASH,STOMP,INFERNO,INFERNAL_BLADE,STOMP,ANGER,STOMP,INFERNO,SETUP_STRIKE,HEADBUTT,STOMP,ANGER,RUPTURE,ONE_TWO_PUNCH,UNRELENTING,HOWL_FROM_BEYOND,PERFECTED_STRIKE,TREMBLE,EXPECT_A_FIGHT,STAMPEDE,BLUDGEON,RAGE
  [cell] SlimesWeak                       bucket=Monster wins=4/4 (100%) outcomes=W/W/W/W avg_reward=+37.3
  [cell-deck] SlimesWeak Monster STRIKE_IRONCLAD,STRIKE_IRONCLAD,STRIKE_IRONCLAD,STRIKE_IRONCLAD,DEFEND_IRONCLAD,BASH,FIGHT_ME,FORGOTTEN_RITUAL,CINDER,BARRICADE,STRIKE_IRONCLAD,CASCADE,SPITE,BREAK,JUGGERNAUT,BLOODLETTING,MOLTEN_FIST,INFERNO,DOMINATE,FIGHT_ME,SECOND_WIND,BARRICADE,PERFECTED_STRIKE,HOWL_FROM_BEYOND,STONE_ARMOR
  [cell] CultistsNormal                   bucket=Monster wins=4/4 (100%) outcomes=W/W/W/W avg_reward=+80.5
  [cell-deck] CultistsNormal Monster STRIKE_IRONCLAD,STRIKE_IRONCLAD,STRIKE_IRONCLAD,DEFEND_IRONCLAD,DEFEND_IRONCLAD,BASH,THRASH,INFERNAL_BLADE,DEFEND_IRONCLAD,BATTLE_TRANCE,HOWL_FROM_BEYOND,COLOSSUS,BLUDGEON,PYRE,BASH,IRON_WAVE,BLUDGEON,HOWL_FROM_BEYOND,MANGLE,BLUDGEON,BURNING_PACT,BLUDGEON,JUGGERNAUT,PERFECTED_STRIKE,IRON_WAVE,STONE_ARMOR,ANGER
  [cell] TurretOperatorWeak               bucket=Monster wins=3/4 ( 75%) outcomes=W/W/L/W avg_reward=+40.8
  [cell-deck] TurretOperatorWeak Monster STRIKE_IRONCLAD,STRIKE_IRONCLAD,DEFEND_IRONCLAD,DEFEND_IRONCLAD,BASH,BASH,BLUDGEON,PERFECTED_STRIKE,PERFECTED_STRIKE,RAMPAGE,AGGRESSION,DOMINATE,UPPERCUT,UNRELENTING,BLOOD_WALL,STOMP,STAMPEDE,TANK,BLUDGEON,TEAR_ASUNDER,SHRUG_IT_OFF,BLUDGEON,CINDER,DRUM_OF_BATTLE
  [cell] OvergrowthCrawlers               bucket=Monster wins=4/4 (100%) outcomes=W/W/W/W avg_reward=+54.5
  [cell-deck] OvergrowthCrawlers Monster STRIKE_IRONCLAD,STRIKE_IRONCLAD,STRIKE_IRONCLAD,DEFEND_IRONCLAD,DEFEND_IRONCLAD,BASH,MANGLE,INFLAME,BARRICADE,DARK_EMBRACE,UNRELENTING,UNRELENTING,DEFEND_IRONCLAD,STOMP,CINDER,DEMON_FORM,PERFECTED_STRIKE,BULLY,SHRUG_IT_OFF,HOWL_FROM_BEYOND,BARRICADE,ONE_TWO_PUNCH,MANGLE,STAMPEDE,BLUDGEON
  [cell] BowlbugsNormal                   bucket=Monster wins=4/4 (100%) outcomes=W/W/W/W avg_reward=+55.3
  [cell-deck] BowlbugsNormal Monster STRIKE_IRONCLAD,STRIKE_IRONCLAD,DEFEND_IRONCLAD,DEFEND_IRONCLAD,BASH,BASH,TRUE_GRIT,TRUE_GRIT,BREAKTHROUGH,BLUDGEON,MANGLE,DEMON_FORM,INFLAME,PILLAGE,CINDER,MANGLE,RAMPAGE,BLOOD_WALL,TAUNT,FEEL_NO_PAIN,FIGHT_ME,FLAME_BARRIER,BASH,BASH
  [cell] BowlbugsWeak                     bucket=Monster wins=4/4 (100%) outcomes=W/W/W/W avg_reward=+29.0
  [cell-deck] BowlbugsWeak Monster STRIKE_IRONCLAD,STRIKE_IRONCLAD,DEFEND_IRONCLAD,DEFEND_IRONCLAD,DEFEND_IRONCLAD,DEFEND_IRONCLAD,POMMEL_STRIKE,INFERNO,STOMP,INFERNO,HELLRAISER,EXPECT_A_FIGHT,TWIN_STRIKE,STOKE,STRIKE_IRONCLAD,BASH,STOMP,VICIOUS,PRIMAL_FORCE,PYRE,SHRUG_IT_OFF,BLUDGEON,CINDER,BATTLE_TRANCE,UPPERCUT,FLAME_BARRIER
  [cell] FlyconidNormal                   bucket=Monster wins=4/4 (100%) outcomes=W/W/W/W avg_reward=+56.8
  [cell-deck] FlyconidNormal Monster STRIKE_IRONCLAD,STRIKE_IRONCLAD,STRIKE_IRONCLAD,DEFEND_IRONCLAD,DEFEND_IRONCLAD,BASH,PERFECTED_STRIKE,BLUDGEON,MOLTEN_FIST,STOMP,SECOND_WIND,FLAME_BARRIER,SHRUG_IT_OFF,FLAME_BARRIER,STAMPEDE,DEMON_FORM,TEAR_ASUNDER,FLAME_BARRIER,PERFECTED_STRIKE,SWORD_BOOMERANG,FLAME_BARRIER,HOWL_FROM_BEYOND,PACTS_END,TWIN_STRIKE,HAVOC,FIEND_FIRE
  [cell] SpinyToadNormal                  bucket=Monster wins=4/4 (100%) outcomes=W/W/W/W avg_reward=+79.0
  [cell-deck] SpinyToadNormal Monster STRIKE_IRONCLAD,STRIKE_IRONCLAD,STRIKE_IRONCLAD,STRIKE_IRONCLAD,DEFEND_IRONCLAD,BASH,EXPECT_A_FIGHT,IRON_WAVE,IMPERVIOUS,SPITE,TEAR_ASUNDER,BASH,BASH,TREMBLE,BASH,STOMP,DRUM_OF_BATTLE,PILLAGE,STRIKE_IRONCLAD,BARRICADE,INFERNO,MOLTEN_FIST,COLOSSUS,BLUDGEON,INFERNO,CRUELTY,MANGLE
  [cell] ConstructMenagerieNormal         bucket=Monster wins=0/4 (  0%) outcomes=L/L/L/L avg_reward=+41.3
  [cell-deck] ConstructMenagerieNormal Monster STRIKE_IRONCLAD,STRIKE_IRONCLAD,STRIKE_IRONCLAD,DEFEND_IRONCLAD,BASH,BASH,FIGHT_ME,FEEL_NO_PAIN,BLUDGEON,CRUELTY,DRUM_OF_BATTLE,FEED,DRUM_OF_BATTLE,BRAND,UNMOVABLE,BASH,STOMP,PACTS_END,FIGHT_ME,EXPECT_A_FIGHT,BLOOD_WALL,STOMP,HEADBUTT,ONE_TWO_PUNCH,RUPTURE,BLUDGEON
  [cell] HunterKillerNormal               bucket=Monster wins=0/4 (  0%) outcomes=L/L/L/L avg_reward=-37.3
  [cell-deck] HunterKillerNormal Monster STRIKE_IRONCLAD,STRIKE_IRONCLAD,STRIKE_IRONCLAD,DEFEND_IRONCLAD,DEFEND_IRONCLAD,DEFEND_IRONCLAD,HOWL_FROM_BEYOND,INFLAME,DARK_EMBRACE,BARRICADE,FIGHT_ME,HOWL_FROM_BEYOND,PERFECTED_STRIKE,SWORD_BOOMERANG,PERFECTED_STRIKE,INFLAME,HOWL_FROM_BEYOND,HAVOC,STOMP,COLOSSUS,CRUELTY,BLUDGEON,TWIN_STRIKE,HEMOKINESIS,DOMINATE,ARMAMENTS,TANK
  [cell] TheObscuraNormal                 bucket=Monster wins=0/4 (  0%) outcomes=L/L/L/L avg_reward=+66.3
  [cell-deck] TheObscuraNormal Monster STRIKE_IRONCLAD,STRIKE_IRONCLAD,DEFEND_IRONCLAD,DEFEND_IRONCLAD,BASH,BATTLE_TRANCE,BLUDGEON,MANGLE,IRON_WAVE,VICIOUS,HOWL_FROM_BEYOND,HOWL_FROM_BEYOND,INFLAME,UNMOVABLE,HEADBUTT,STOMP,ANGER,VICIOUS,BURNING_PACT,STONE_ARMOR,BLOOD_WALL,TRUE_GRIT,BARRICADE,HOWL_FROM_BEYOND,TEAR_ASUNDER
  [cell] RubyRaidersNormal                bucket=Monster wins=4/4 (100%) outcomes=W/W/W/W avg_reward=+54.8
  [cell-deck] RubyRaidersNormal Monster STRIKE_IRONCLAD,STRIKE_IRONCLAD,STRIKE_IRONCLAD,STRIKE_IRONCLAD,DEFEND_IRONCLAD,BASH,BLUDGEON,IRON_WAVE,BARRICADE,CINDER,STOMP,BRAND,STOMP,ANGER,STRIKE_IRONCLAD,DEMON_FORM,BARRICADE,BLUDGEON,VICIOUS,JUGGLING,BLOOD_WALL,MANGLE,UNRELENTING,IRON_WAVE,UNRELENTING
  [cell] LouseProgenitorNormal            bucket=Monster wins=4/4 (100%) outcomes=W/W/W/W avg_reward=+98.3
  [cell-deck] LouseProgenitorNormal Monster STRIKE_IRONCLAD,DEFEND_IRONCLAD,DEFEND_IRONCLAD,DEFEND_IRONCLAD,BASH,BASH,THUNDERCLAP,SWORD_BOOMERANG,BLOOD_WALL,FIGHT_ME,BLOODLETTING,HEMOKINESIS,BLUDGEON,PILLAGE,MOLTEN_FIST,INFERNO,UNRELENTING,BREAK,UNRELENTING,DRUM_OF_BATTLE,STAMPEDE,BURNING_PACT,STOMP,BURNING_PACT,BLUDGEON,ONE_TWO_PUNCH
  [cell] GlobeHeadNormal                  bucket=Monster wins=3/4 ( 75%) outcomes=L/W/W/W avg_reward=+74.5
  [cell-deck] GlobeHeadNormal Monster STRIKE_IRONCLAD,STRIKE_IRONCLAD,STRIKE_IRONCLAD,DEFEND_IRONCLAD,DEFEND_IRONCLAD,BASH,CRIMSON_MANTLE,IRON_WAVE,STOKE,HOWL_FROM_BEYOND,DRUM_OF_BATTLE,NOT_YET,FLAME_BARRIER,UNRELENTING,HEADBUTT,BASH,BREAK,UNMOVABLE,TRUE_GRIT,STOMP,STOMP,BLOODLETTING,MANGLE,SWORD_BOOMERANG,SETUP_STRIKE,JUGGERNAUT
  [cell] OvicopterNormal                  bucket=Monster wins=4/4 (100%) outcomes=W/W/W/W avg_reward=+91.8
  [cell-deck] OvicopterNormal Monster STRIKE_IRONCLAD,STRIKE_IRONCLAD,STRIKE_IRONCLAD,DEFEND_IRONCLAD,DEFEND_IRONCLAD,DEFEND_IRONCLAD,BATTLE_TRANCE,BARRICADE,PILLAGE,CRUELTY,UNRELENTING,BLOODLETTING,CINDER,UNRELENTING,UPPERCUT,HAVOC,PILLAGE,FLAME_BARRIER,CINDER,BLUDGEON,HOWL_FROM_BEYOND,WHIRLWIND,EXPECT_A_FIGHT,BLUDGEON,DEFEND_IRONCLAD,HOWL_FROM_BEYOND
  [cell] DevotedSculptorWeak              bucket=Monster wins=2/4 ( 50%) outcomes=L/W/W/L avg_reward=+77.8
  [cell-deck] DevotedSculptorWeak Monster STRIKE_IRONCLAD,STRIKE_IRONCLAD,STRIKE_IRONCLAD,STRIKE_IRONCLAD,DEFEND_IRONCLAD,HOWL_FROM_BEYOND,IRON_WAVE,TREMBLE,BREAKTHROUGH,DEMON_FORM,INFERNO,FLAME_BARRIER,COLOSSUS,STOMP,CONFLAGRATION,STOMP,BULLY,SECOND_WIND,DRUM_OF_BATTLE,RUPTURE,BULLY,STOKE,BREAK,STONE_ARMOR,UPPERCUT
  [cell] SlitheringStranglerNormal        bucket=Monster wins=4/4 (100%) outcomes=W/W/W/W avg_reward=+47.5
  [cell-deck] SlitheringStranglerNormal Monster STRIKE_IRONCLAD,STRIKE_IRONCLAD,STRIKE_IRONCLAD,DEFEND_IRONCLAD,DEFEND_IRONCLAD,BASH,BODY_SLAM,BARRICADE,FORGOTTEN_RITUAL,INFERNAL_BLADE,HEMOKINESIS,INFERNAL_BLADE,SWORD_BOOMERANG,THUNDERCLAP,INFLAME,BREAKTHROUGH,STOMP,BRAND,BRAND,DRUM_OF_BATTLE,CASCADE,HOWL_FROM_BEYOND,BARRICADE,FORGOTTEN_RITUAL,BLOOD_WALL,BULLY,BLOOD_WALL
  [cell] SlumberingBeetleNormal           bucket=Monster wins=0/4 (  0%) outcomes=L/L/L/L avg_reward=+6.5
  [cell-deck] SlumberingBeetleNormal Monster STRIKE_IRONCLAD,DEFEND_IRONCLAD,DEFEND_IRONCLAD,DEFEND_IRONCLAD,DEFEND_IRONCLAD,HOWL_FROM_BEYOND,DEMON_FORM,BLUDGEON,RUPTURE,STAMPEDE,BLUDGEON,EXPECT_A_FIGHT,STRIKE_IRONCLAD,JUGGERNAUT,FLAME_BARRIER,IRON_WAVE,BLUDGEON,VICIOUS,BLOOD_WALL,CINDER,SWORD_BOOMERANG,BLOOD_WALL,ARMAMENTS,INFLAME,CINDER,PERFECTED_STRIKE
  [cell] FrogKnightNormal                 bucket=Monster wins=0/4 (  0%) outcomes=L/L/L/L avg_reward=+14.5
  [cell-deck] FrogKnightNormal Monster STRIKE_IRONCLAD,STRIKE_IRONCLAD,STRIKE_IRONCLAD,DEFEND_IRONCLAD,DEFEND_IRONCLAD,DEFEND_IRONCLAD,SWORD_BOOMERANG,BARRICADE,BRAND,SHRUG_IT_OFF,TEAR_ASUNDER,CINDER,AGGRESSION,BARRICADE,SPITE,UNRELENTING,EVIL_EYE,TREMBLE,DISMANTLE,PERFECTED_STRIKE,BARRICADE,UPPERCUT,BASH,HOWL_FROM_BEYOND,PILLAGE
  [cell] TheLostAndForgottenNormal        bucket=Monster wins=1/4 ( 25%) outcomes=L/W/L/L avg_reward=+52.8
  [cell-deck] TheLostAndForgottenNormal Monster STRIKE_IRONCLAD,STRIKE_IRONCLAD,DEFEND_IRONCLAD,DEFEND_IRONCLAD,BASH,HOWL_FROM_BEYOND,BASH,FEED,BLUDGEON,HAVOC,DEFEND_IRONCLAD,HOWL_FROM_BEYOND,BASH,DEMON_FORM,UNRELENTING,DARK_EMBRACE,DEMON_FORM,DARK_EMBRACE,TEAR_ASUNDER,RAGE,TAUNT,BRAND,MANGLE,FIGHT_ME,FEEL_NO_PAIN
  [cell] OwlMagistrateNormal              bucket=Monster wins=0/4 (  0%) outcomes=L/L/L/L avg_reward=+6.8
  [cell-deck] OwlMagistrateNormal Monster STRIKE_IRONCLAD,STRIKE_IRONCLAD,STRIKE_IRONCLAD,DEFEND_IRONCLAD,DEFEND_IRONCLAD,BASH,VICIOUS,BARRICADE,UNRELENTING,BARRICADE,FIGHT_ME,PERFECTED_STRIKE,MANGLE,AGGRESSION,DRUM_OF_BATTLE,POMMEL_STRIKE,HOWL_FROM_BEYOND,PERFECTED_STRIKE,DARK_EMBRACE,THUNDERCLAP,SPITE,HEMOKINESIS,RAGE,STOMP,HOWL_FROM_BEYOND,STAMPEDE
  [cell] FabricatorNormal                 bucket=Monster wins=4/4 (100%) outcomes=W/W/W/W avg_reward=+127.8
  [cell-deck] FabricatorNormal Monster STRIKE_IRONCLAD,STRIKE_IRONCLAD,DEFEND_IRONCLAD,DEFEND_IRONCLAD,DEFEND_IRONCLAD,HOWL_FROM_BEYOND,STOMP,PACTS_END,PERFECTED_STRIKE,TEAR_ASUNDER,TWIN_STRIKE,HELLRAISER,PERFECTED_STRIKE,BATTLE_TRANCE,BLOOD_WALL,BASH,COLOSSUS,HOWL_FROM_BEYOND,NOT_YET,CASCADE,INFERNAL_BLADE,HOWL_FROM_BEYOND,FEEL_NO_PAIN,BLUDGEON,PERFECTED_STRIKE
  [cell] SlimedBerserkerNormal            bucket=Monster wins=0/4 (  0%) outcomes=L/L/L/L avg_reward=+57.8
  [cell-deck] SlimedBerserkerNormal Monster STRIKE_IRONCLAD,STRIKE_IRONCLAD,STRIKE_IRONCLAD,DEFEND_IRONCLAD,BASH,BARRICADE,PERFECTED_STRIKE,CINDER,STOMP,DOMINATE,SECOND_WIND,BLOOD_WALL,INFLAME,FORGOTTEN_RITUAL,BASH,FEED,HEADBUTT,CASCADE,INFERNO,UNRELENTING,RUPTURE,UNMOVABLE,BLOOD_WALL,OFFERING,POMMEL_STRIKE,HOWL_FROM_BEYOND
  [cell] PhantasmalGardenersElite         bucket=Elite   wins=4/4 (100%) outcomes=W/W/W/W avg_reward=+60.8
  [cell-deck] PhantasmalGardenersElite Elite STRIKE_IRONCLAD,STRIKE_IRONCLAD,DEFEND_IRONCLAD,DEFEND_IRONCLAD,DEFEND_IRONCLAD,BASH,BULLY,IMPERVIOUS,INFERNO,SWORD_BOOMERANG,BLOOD_WALL,JUGGERNAUT,BASH,JUGGLING,STRIKE_IRONCLAD,STOMP,NOT_YET,STAMPEDE,FLAME_BARRIER,STOMP,FLAME_BARRIER,POMMEL_STRIKE,INFLAME,JUGGLING,AGGRESSION,ANGER,STOMP
  [cell] SkulkingColonyElite              bucket=Elite   wins=4/4 (100%) outcomes=W/W/W/W avg_reward=+19.8
  [cell-deck] SkulkingColonyElite Elite STRIKE_IRONCLAD,STRIKE_IRONCLAD,DEFEND_IRONCLAD,DEFEND_IRONCLAD,DEFEND_IRONCLAD,BASH,SPITE,BARRICADE,FLAME_BARRIER,HOWL_FROM_BEYOND,DRUM_OF_BATTLE,STOMP,DRUM_OF_BATTLE,BASH,BLUDGEON,BREAK,BULLY,BLUDGEON,FIEND_FIRE,HEADBUTT,DARK_EMBRACE,HAVOC,FEED,CINDER,TAUNT,DOMINATE,WHIRLWIND
  [cell] ByrdonisElite                    bucket=Elite   wins=4/4 (100%) outcomes=W/W/W/W avg_reward=+37.3
  [cell-deck] ByrdonisElite Elite STRIKE_IRONCLAD,STRIKE_IRONCLAD,STRIKE_IRONCLAD,STRIKE_IRONCLAD,DEFEND_IRONCLAD,HOWL_FROM_BEYOND,DEMON_FORM,BLUDGEON,NOT_YET,BARRICADE,PERFECTED_STRIKE,INFERNAL_BLADE,HEADBUTT,IRON_WAVE,STOMP,HOWL_FROM_BEYOND,EXPECT_A_FIGHT,BASH,BLUDGEON,BULLY,CASCADE,TAUNT,STOKE,PYRE
  [cell] PhrogParasiteElite               bucket=Elite   wins=4/4 (100%) outcomes=W/W/W/W avg_reward=+104.3
  [cell-deck] PhrogParasiteElite Elite STRIKE_IRONCLAD,STRIKE_IRONCLAD,DEFEND_IRONCLAD,DEFEND_IRONCLAD,DEFEND_IRONCLAD,BASH,BLUDGEON,PYRE,STOKE,HOWL_FROM_BEYOND,HOWL_FROM_BEYOND,BRAND,DRUM_OF_BATTLE,UNRELENTING,RUPTURE,TANK,INFLAME,STAMPEDE,BLOOD_WALL,TWIN_STRIKE,FIEND_FIRE,DEMON_FORM,HEMOKINESIS,BULLY,BLUDGEON
